_id,avg_rtg_gender
f,57.03488506705198
m,57.14558926785163
