_id,avg_rtg_gender
f,57.09367516043433
m,56.99011449820305
