_id,avg_rtg_gender
f,57.06343661450394
m,57.04929846344805
