_id,avg_rtg_gender
f,57.02424800491098
m,57.0301247771836
