_id,avg_rtg_gender
f,57.06110816124396
m,57.05268619621469
