_id,avg_rtg_gender
f,57.124813988095234
m,56.37880658436214
